[
{
    "model": "content.person",
    "pk": "02132790-38b4-4da4-96d5-6ba1221a58e9",
    "fields": {
        "name": "Dr. Fuad Halim",
        "dob": null,
        "born_location": "",
        "description": ""
    }
},
{
    "model": "content.person",
    "pk": "0625d487-ef86-420f-b8d3-0d5bc2d26cad",
    "fields": {
        "name": "Pavan Varma",
        "dob": null,
        "born_location": "",
        "description": ""
    }
},
{
    "model": "content.person",
    "pk": "0f56548b-6d68-48de-8324-7b04419951ef",
    "fields": {
        "name": "G.D. Bakshi",
        "dob": null,
        "born_location": "",
        "description": ""
    }
},
{
    "model": "content.person",
    "pk": "13ae2209-e535-4759-a471-eb4c17b8a2c9",
    "fields": {
        "name": "Alimudin Khan",
        "dob": "1965-01-01",
        "born_location": "UP",
        "description": "Alimudin Khan is a frequent panelist at The Newshour Show."
    }
},
{
    "model": "content.person",
    "pk": "4214dd4c-0ed6-4cc9-9819-444bad72b126",
    "fields": {
        "name": "Steve Carell",
        "dob": "1962-08-16",
        "born_location": "Concord, Massachusetts, USA",
        "description": "One of his best movies is 40 year old virgin. He has done a splendid work in that movie."
    }
},
{
    "model": "content.person",
    "pk": "4385cc07-5b26-4bd7-9ab7-9294f979e083",
    "fields": {
        "name": "Jonah Hill",
        "dob": "1983-12-20",
        "born_location": "Los Angeles, California, USA",
        "description": "Jonah Hill Feldstein, better known as Jonah Hill, is an American actor, producer, screenwriter and comedian"
    }
},
{
    "model": "content.person",
    "pk": "475347a8-93ba-4e3e-8480-650f91953927",
    "fields": {
        "name": "Ghanshyam Tiwari",
        "dob": "1980-01-01",
        "born_location": "Rajasthan",
        "description": "-"
    }
},
{
    "model": "content.person",
    "pk": "6652d611-01e8-4e28-81ee-4cbed70fa574",
    "fields": {
        "name": "Nalin Kohli",
        "dob": "1971-01-01",
        "born_location": "Delhi",
        "description": "Nalin Kohli is an Indian politician and an Advocate at the Supreme Court of India. He is a member and one of the official spokespersons of the Bharatiya Janata Party. He has also been Convenor of the BJP\u2019s National Media Cell"
    }
},
{
    "model": "content.person",
    "pk": "6c60ba1c-e51d-4ba0-a8dd-abf9320c2931",
    "fields": {
        "name": "Randeep Singh Surjewala",
        "dob": "1967-06-03",
        "born_location": "Chandigarh",
        "description": "Randeep Singh Surjewala (born 3 June 1967) is an Indian politician and a member of Indian National Congress party. He is an MLA in the Haryana state legislature and a former minister. He held water supply and sanitation, parliamentary affairs, electronics and information technology, science and technology and public works as a minister in Haryana cabinet. In 2005, he was given the responsibility of Transport and Parliamentary Affairs and thus became the youngest minister in Haryana. He defeated Om Prakash Chautala in 1996 and 2005."
    }
},
{
    "model": "content.person",
    "pk": "6f39f70d-26ad-49df-934d-33d3b17c6a48",
    "fields": {
        "name": "K. Chandrasekar Rao",
        "dob": null,
        "born_location": "",
        "description": ""
    }
},
{
    "model": "content.person",
    "pk": "73db4a01-14aa-418a-b1a3-a4f4180d1c95",
    "fields": {
        "name": "Prem Sagar",
        "dob": null,
        "born_location": "",
        "description": ""
    }
},
{
    "model": "content.person",
    "pk": "82bbb8db-0b25-428e-b52b-3498fd4721de",
    "fields": {
        "name": "Paramjit Sing",
        "dob": null,
        "born_location": "",
        "description": ""
    }
},
{
    "model": "content.person",
    "pk": "8895e961-8c77-4018-8028-cdba15286b1e",
    "fields": {
        "name": "Rahul Gandhi",
        "dob": "1970-06-19",
        "born_location": "New Delhi",
        "description": "Rahul Gandhi; is an Indian politician who is currently serving as Member of Parliament, Lok Sabha from Amethi, Uttar Pradesh."
    }
},
{
    "model": "content.person",
    "pk": "90f06879-fab5-42bf-baa9-350d91adf1b1",
    "fields": {
        "name": "Tanvir Sadiq",
        "dob": null,
        "born_location": "",
        "description": ""
    }
},
{
    "model": "content.person",
    "pk": "a00d0717-baa0-4923-8616-867cfa771b2d",
    "fields": {
        "name": "Sanjay R. Hedge",
        "dob": "1970-01-01",
        "born_location": "Bangalore, Karnataka",
        "description": "Mr. Sanjay R Hegde, is a Senior Advocate at the Supreme Court of India. He began his illustrious career back in 1989 while working as a lawyer with M/s Mulla & Mulla & Craigie Blunt & Caroe Solicitors. He gained his LL.M while at work and thereafter moved to Delhi to practice in the Supreme Court in the Chambers of Senior Advocate Mr. G. Ramaswamy. During this period he worked on several high profile cases, appeared for the Government of Indian before an international arbitral tribunal and from 1996 to 2004 was on the Union of India\u2019s arguing panel before the Supreme Court. He also worked for a decade as the Advocate on Record for the State of Karnataka and thereafter focused on private practice. He has frequently engaged in legal journalism including appearing on television panels and writing as a columnist for newspapers."
    }
},
{
    "model": "content.person",
    "pk": "b02ffd9b-f17a-40ac-8fa3-d5e7f6dcf941",
    "fields": {
        "name": "Sujay Kantawala",
        "dob": "1972-01-01",
        "born_location": "Mumbai",
        "description": "He is a High Court Advocate."
    }
},
{
    "model": "content.person",
    "pk": "cacc3f4d-6e26-47ce-a452-3f44ecd2bc6a",
    "fields": {
        "name": "M.R. Venkatesh",
        "dob": "1972-01-01",
        "born_location": "Mumbai",
        "description": "A practicing Chartered Accountant since 1993 and All India rank holder, Shri Venkatesh is an expert who addresses the Business concerns relating to Economic Policies, International trade and Business strategies. He is also a commentator on International Trade and Economic Affairs. He has been campaigning on the issues of Black Money, Participatory Notes and Tax Havens for over several years."
    }
},
{
    "model": "content.person",
    "pk": "cbfc7bdd-2ee5-43f6-ad0f-18e6fec1e54f",
    "fields": {
        "name": "Devi Prasad Tripathi",
        "dob": "1952-12-29",
        "born_location": "UP",
        "description": "Devi Prasad Tripathi is General Secretary of the Nationalist Congress Party of India"
    }
},
{
    "model": "content.person",
    "pk": "d683366a-796f-4e84-9971-e413e3fd020f",
    "fields": {
        "name": "Jatin R. Mehta",
        "dob": "1965-01-01",
        "born_location": "Mumbai",
        "description": "Mr. Jatin R. Mehta served as the Chairman, Managing Director and a Director at Winsome Diamonds and Jewellery Limited"
    }
},
{
    "model": "content.person",
    "pk": "e04b10ce-80db-4c91-af0f-3db03641429d",
    "fields": {
        "name": "DigVijay Singh",
        "dob": "1947-02-28",
        "born_location": "Indore",
        "description": "Digvijaya Singh is an Indian politician and a Member of Parliament in the Rajya Sabha. He is also currently a General Secretary of the Indian National Congress party's All India Congress Committee."
    }
},
{
    "model": "content.person",
    "pk": "eb136b62-1bd8-4696-b56a-23e0793ec46b",
    "fields": {
        "name": "Lance Naik Hemraj",
        "dob": null,
        "born_location": "",
        "description": ""
    }
},
{
    "model": "content.person",
    "pk": "ec67ca02-a565-4e6f-8fb5-9035184f1413",
    "fields": {
        "name": "Navika Kumar",
        "dob": "1980-01-01",
        "born_location": "Mumbai",
        "description": "Kumar is a post graduate in Economics and is among few journalists who have made their imprint in both political as well as business reporting.  Known for her extensive interest in Indian politics, she has been credited for investigating and breaking some of the most significant stories which include Office for Profit story that led to the resignation of Sonia Gandhi, the CWG scam that led to the exit of Suresh Kalmadi, the Augusta chopper scam and Aircel Maxis deal to name a few.  With more than a decade of experience in Television News, she plays a major role in the editorial, programming and production team at TIMES NOW."
    }
},
{
    "model": "content.cloudperson",
    "pk": "04b83a93-cc57-423a-b1e0-f3e98462c3ee",
    "fields": {
        "person": "6c60ba1c-e51d-4ba0-a8dd-abf9320c2931",
        "cloud_id": "fcf42bf5-43c3-4917-a0b8-fa09a4e12254"
    }
},
{
    "model": "content.cloudperson",
    "pk": "0687f5a3-b5b6-420a-9487-430e42e23101",
    "fields": {
        "person": "02132790-38b4-4da4-96d5-6ba1221a58e9",
        "cloud_id": "8c1302de-d53c-4d8e-b7ef-9f84444753bc"
    }
},
{
    "model": "content.cloudperson",
    "pk": "16e434f6-c9a4-434c-87f0-760446f43722",
    "fields": {
        "person": "b02ffd9b-f17a-40ac-8fa3-d5e7f6dcf941",
        "cloud_id": "536171e7-f807-4387-9a75-f2493adb4c9b"
    }
},
{
    "model": "content.cloudperson",
    "pk": "20279753-f2e2-4488-92fd-06e65c1d2209",
    "fields": {
        "person": "13ae2209-e535-4759-a471-eb4c17b8a2c9",
        "cloud_id": "76b8f1a8-bcaf-4ef2-9fa1-4505b1f61541"
    }
},
{
    "model": "content.cloudperson",
    "pk": "35813174-e062-4fbd-b76d-982b60c123e0",
    "fields": {
        "person": "cacc3f4d-6e26-47ce-a452-3f44ecd2bc6a",
        "cloud_id": "64fc3c20-96e8-4c86-b769-e8c3b00d0667"
    }
},
{
    "model": "content.cloudperson",
    "pk": "4dadd19a-f105-4b05-b7a7-933329394175",
    "fields": {
        "person": "ec67ca02-a565-4e6f-8fb5-9035184f1413",
        "cloud_id": "6ac4168f-bb58-4cf1-9484-69cde235cd00"
    }
},
{
    "model": "content.cloudperson",
    "pk": "56524d80-7a25-4fa2-8090-ac0a4fe2110e",
    "fields": {
        "person": "475347a8-93ba-4e3e-8480-650f91953927",
        "cloud_id": "6edb535b-c68f-418b-b298-3da18cdc97af"
    }
},
{
    "model": "content.cloudperson",
    "pk": "566ad322-da4e-4368-a677-2e9cab4d1a90",
    "fields": {
        "person": "90f06879-fab5-42bf-baa9-350d91adf1b1",
        "cloud_id": "be9ce491-a010-422c-8a30-db4929422090"
    }
},
{
    "model": "content.cloudperson",
    "pk": "569b2858-4445-4998-891e-bc6c3fdab691",
    "fields": {
        "person": "cacc3f4d-6e26-47ce-a452-3f44ecd2bc6a",
        "cloud_id": "2ce940fc-95dd-49c6-b8df-7f33d4059643"
    }
},
{
    "model": "content.cloudperson",
    "pk": "5bbe2e4b-489a-40b2-b69c-3e03394555d9",
    "fields": {
        "person": "73db4a01-14aa-418a-b1a3-a4f4180d1c95",
        "cloud_id": "064fad04-99c9-4db5-8cb8-b423f26c44cc"
    }
},
{
    "model": "content.cloudperson",
    "pk": "5cd3ef9a-3609-42b2-bfdb-64b0f68a83fd",
    "fields": {
        "person": "82bbb8db-0b25-428e-b52b-3498fd4721de",
        "cloud_id": "16f2dd7b-cceb-4076-a6a8-eba945ef5c58"
    }
},
{
    "model": "content.cloudperson",
    "pk": "646428ea-8fae-4d69-8c9d-5e1a83b14973",
    "fields": {
        "person": "cbfc7bdd-2ee5-43f6-ad0f-18e6fec1e54f",
        "cloud_id": "536129ae-9059-4447-bd49-ba9f4d8465f3"
    }
},
{
    "model": "content.cloudperson",
    "pk": "65551747-f840-447c-9f20-8bd98a28f5d5",
    "fields": {
        "person": "90f06879-fab5-42bf-baa9-350d91adf1b1",
        "cloud_id": "4390624e-0ea3-4e06-9093-ffa131f8c4a8"
    }
},
{
    "model": "content.cloudperson",
    "pk": "69e9be4e-b620-468d-9e2e-fc15a65b10cc",
    "fields": {
        "person": "0f56548b-6d68-48de-8324-7b04419951ef",
        "cloud_id": "7ffe69cc-1420-46cb-96d4-288ed018ab02"
    }
},
{
    "model": "content.cloudperson",
    "pk": "6b57940b-78a6-43bc-acc8-a654bedf5f9d",
    "fields": {
        "person": "02132790-38b4-4da4-96d5-6ba1221a58e9",
        "cloud_id": "2f55aa1d-d237-43c6-86ab-5d26ff872a17"
    }
},
{
    "model": "content.cloudperson",
    "pk": "6c2a8b8e-80ac-4f26-91de-11be741297df",
    "fields": {
        "person": "8895e961-8c77-4018-8028-cdba15286b1e",
        "cloud_id": "1cb47064-6ebe-45e4-94e6-28cf672bc789"
    }
},
{
    "model": "content.cloudperson",
    "pk": "6e435c45-36b6-4d40-b2a1-f74258d3d670",
    "fields": {
        "person": "b02ffd9b-f17a-40ac-8fa3-d5e7f6dcf941",
        "cloud_id": "8ca5c970-d879-4273-82a0-9b26c5e4e686"
    }
},
{
    "model": "content.cloudperson",
    "pk": "71e100ba-0a1c-4f97-a24e-d10d54f8741f",
    "fields": {
        "person": "d683366a-796f-4e84-9971-e413e3fd020f",
        "cloud_id": "d9c05e03-c7b8-4933-9d94-8b79d4b16966"
    }
},
{
    "model": "content.cloudperson",
    "pk": "721758fe-a031-404f-bb51-b0546950fac0",
    "fields": {
        "person": "02132790-38b4-4da4-96d5-6ba1221a58e9",
        "cloud_id": "efeb16e3-2e3e-41f4-8805-9ae3eec93b5b"
    }
},
{
    "model": "content.cloudperson",
    "pk": "729489c3-067a-48a8-9623-a05645bf55d7",
    "fields": {
        "person": "cacc3f4d-6e26-47ce-a452-3f44ecd2bc6a",
        "cloud_id": "7c0fe0eb-8770-40d1-aa78-d8b44cb8f921"
    }
},
{
    "model": "content.cloudperson",
    "pk": "752aabff-06a8-4eac-87ea-9b91c268c217",
    "fields": {
        "person": "0f56548b-6d68-48de-8324-7b04419951ef",
        "cloud_id": "7fcfdfe7-ae92-4a17-961b-42b2af11ae39"
    }
},
{
    "model": "content.cloudperson",
    "pk": "7e20efd4-f6b0-4425-8b70-c2786ebc9349",
    "fields": {
        "person": "cbfc7bdd-2ee5-43f6-ad0f-18e6fec1e54f",
        "cloud_id": "e32d3983-9ff2-4f11-a707-70a9855c7fc2"
    }
},
{
    "model": "content.cloudperson",
    "pk": "8311ae46-f9fe-4cbe-8989-b50a3d23edfb",
    "fields": {
        "person": "a00d0717-baa0-4923-8616-867cfa771b2d",
        "cloud_id": "e0c6aad6-3af2-4c24-a836-1824609f8917"
    }
},
{
    "model": "content.cloudperson",
    "pk": "83d25549-1845-4ad8-bdf6-2058933aaee7",
    "fields": {
        "person": "d683366a-796f-4e84-9971-e413e3fd020f",
        "cloud_id": "e2231bb1-c349-4994-8690-b90b2b513ea0"
    }
},
{
    "model": "content.cloudperson",
    "pk": "86e4523e-53b1-4fe1-b7ca-5b978208b7a2",
    "fields": {
        "person": "d683366a-796f-4e84-9971-e413e3fd020f",
        "cloud_id": "d4f6e75f-cd51-4d42-a9c9-6073ddfa6428"
    }
},
{
    "model": "content.cloudperson",
    "pk": "89464b94-adc6-408b-93d2-8d99d7191ef8",
    "fields": {
        "person": "8895e961-8c77-4018-8028-cdba15286b1e",
        "cloud_id": "b1b8ddbe-3b32-4076-b7e3-a2258349ddde"
    }
},
{
    "model": "content.cloudperson",
    "pk": "8a51ef6d-ca6b-4e57-ab2c-2b71378a432c",
    "fields": {
        "person": "b02ffd9b-f17a-40ac-8fa3-d5e7f6dcf941",
        "cloud_id": "d8a6ff45-c498-4e43-a2ef-a913be9ab1eb"
    }
},
{
    "model": "content.cloudperson",
    "pk": "8a6b6147-f809-4dbc-ae74-a64baa3b37c8",
    "fields": {
        "person": "a00d0717-baa0-4923-8616-867cfa771b2d",
        "cloud_id": "f0c13ac9-3ceb-4129-a295-fcc6303ecf57"
    }
},
{
    "model": "content.cloudperson",
    "pk": "8c90619d-0092-406d-913c-24dcf0427543",
    "fields": {
        "person": "e04b10ce-80db-4c91-af0f-3db03641429d",
        "cloud_id": "3c331dfa-f569-4459-8c1a-78424d9b1a44"
    }
},
{
    "model": "content.cloudperson",
    "pk": "8dc216d4-abbe-4f2b-87f9-f535a81b727d",
    "fields": {
        "person": "475347a8-93ba-4e3e-8480-650f91953927",
        "cloud_id": "36e30d59-afd2-4ddc-9d7f-38947c28c8bf"
    }
},
{
    "model": "content.cloudperson",
    "pk": "8fd7fd05-c46c-408b-acfe-399e92dd7641",
    "fields": {
        "person": "6c60ba1c-e51d-4ba0-a8dd-abf9320c2931",
        "cloud_id": "86c4df87-5ab6-44cb-8690-71e7195595f6"
    }
},
{
    "model": "content.cloudperson",
    "pk": "969a75ba-aa82-4b3d-b1cf-a6d9c9d4f642",
    "fields": {
        "person": "e04b10ce-80db-4c91-af0f-3db03641429d",
        "cloud_id": "235c8e9c-db50-48d6-9fb0-71609d11d72e"
    }
},
{
    "model": "content.cloudperson",
    "pk": "9dc038b7-0cba-4364-89e4-fd8c2c443a4c",
    "fields": {
        "person": "82bbb8db-0b25-428e-b52b-3498fd4721de",
        "cloud_id": "6a804155-7466-4352-abb2-38ceaff047d8"
    }
},
{
    "model": "content.cloudperson",
    "pk": "9e987b4e-aaf3-4fda-a6b5-c7bed2e2c2b9",
    "fields": {
        "person": "a00d0717-baa0-4923-8616-867cfa771b2d",
        "cloud_id": "321cce36-c50d-478e-a660-3d0c32819522"
    }
},
{
    "model": "content.cloudperson",
    "pk": "a5443ee7-a3d3-4c15-85ce-781702b105c3",
    "fields": {
        "person": "ec67ca02-a565-4e6f-8fb5-9035184f1413",
        "cloud_id": "6627533c-533c-44d7-86dc-da338ebe367e"
    }
},
{
    "model": "content.cloudperson",
    "pk": "a589b97d-5709-44e3-b919-269de90f5903",
    "fields": {
        "person": "6652d611-01e8-4e28-81ee-4cbed70fa574",
        "cloud_id": "54067a44-e8bc-41aa-bf52-d59153e2a28e"
    }
},
{
    "model": "content.cloudperson",
    "pk": "a67d9d52-e898-4e0c-aee2-4d69b1fbe7e3",
    "fields": {
        "person": "73db4a01-14aa-418a-b1a3-a4f4180d1c95",
        "cloud_id": "cc30406f-c012-4d74-9af6-1de4cc4a0277"
    }
},
{
    "model": "content.cloudperson",
    "pk": "ae3ee797-591f-4412-adf4-e44d5b4ca40f",
    "fields": {
        "person": "0625d487-ef86-420f-b8d3-0d5bc2d26cad",
        "cloud_id": "005b8cf4-2d7d-46a3-8e83-c255edfa02c7"
    }
},
{
    "model": "content.cloudperson",
    "pk": "b6d92f3e-32c4-455a-9b7d-47d1b7362f65",
    "fields": {
        "person": "cbfc7bdd-2ee5-43f6-ad0f-18e6fec1e54f",
        "cloud_id": "fb3c7a64-7103-49e6-94a7-7eeb20b4ae1c"
    }
},
{
    "model": "content.cloudperson",
    "pk": "b8854812-636f-4feb-b026-8ea699ec6bf3",
    "fields": {
        "person": "475347a8-93ba-4e3e-8480-650f91953927",
        "cloud_id": "c9a4b87f-0b47-43e4-9a18-010b9d38ecbb"
    }
},
{
    "model": "content.cloudperson",
    "pk": "bd4571b5-46a6-4bfb-b643-e9504d62d7d2",
    "fields": {
        "person": "eb136b62-1bd8-4696-b56a-23e0793ec46b",
        "cloud_id": "5195eb15-ef97-4974-b5e1-61d66f832018"
    }
},
{
    "model": "content.cloudperson",
    "pk": "c029db95-9b01-4751-9bcd-d7f585530817",
    "fields": {
        "person": "82bbb8db-0b25-428e-b52b-3498fd4721de",
        "cloud_id": "52c12105-a290-4321-a204-abfcc55ef32e"
    }
},
{
    "model": "content.cloudperson",
    "pk": "c44e7bea-beb1-47d2-8eee-9e3678f121f3",
    "fields": {
        "person": "0625d487-ef86-420f-b8d3-0d5bc2d26cad",
        "cloud_id": "1e5b9199-9aa0-4520-a7af-77388ba9bf64"
    }
},
{
    "model": "content.cloudperson",
    "pk": "c8be00da-8f28-4fa6-ab9a-44745fe33286",
    "fields": {
        "person": "0f56548b-6d68-48de-8324-7b04419951ef",
        "cloud_id": "cb3eec8a-938a-4469-a02b-b48b9733d26d"
    }
},
{
    "model": "content.cloudperson",
    "pk": "ce07c72b-a298-4828-bd73-75ad63e10640",
    "fields": {
        "person": "6652d611-01e8-4e28-81ee-4cbed70fa574",
        "cloud_id": "53d76478-ee51-434f-bc90-309dd98b3a16"
    }
},
{
    "model": "content.cloudperson",
    "pk": "d0794ef2-bf78-40aa-988c-30f322350008",
    "fields": {
        "person": "73db4a01-14aa-418a-b1a3-a4f4180d1c95",
        "cloud_id": "b5c69075-30ba-49ba-8adb-68194688a89f"
    }
},
{
    "model": "content.cloudperson",
    "pk": "d1425945-4410-471a-bc62-7ecfba699686",
    "fields": {
        "person": "90f06879-fab5-42bf-baa9-350d91adf1b1",
        "cloud_id": "8aaccc34-2db4-4215-8bed-12cf41b75f6f"
    }
},
{
    "model": "content.cloudperson",
    "pk": "d49e7eca-d7f9-4339-a267-d3c1a8bea5ca",
    "fields": {
        "person": "0625d487-ef86-420f-b8d3-0d5bc2d26cad",
        "cloud_id": "f8346554-d55d-479d-9212-7df745f868f7"
    }
},
{
    "model": "content.cloudperson",
    "pk": "da65d0d4-1a31-475a-9ab2-10179b4fa14c",
    "fields": {
        "person": "ec67ca02-a565-4e6f-8fb5-9035184f1413",
        "cloud_id": "724e4045-ee71-40cb-98f1-5da8a4e1a0a8"
    }
},
{
    "model": "content.cloudperson",
    "pk": "dcc3b87b-a1c8-4ff9-abb4-f4d721cd48ca",
    "fields": {
        "person": "13ae2209-e535-4759-a471-eb4c17b8a2c9",
        "cloud_id": "ef0af5f9-fadf-4044-9368-a292295e4a70"
    }
},
{
    "model": "content.cloudperson",
    "pk": "e8a3c705-a3b3-4946-bc42-b728a3c04953",
    "fields": {
        "person": "eb136b62-1bd8-4696-b56a-23e0793ec46b",
        "cloud_id": "bb4413e7-fc6a-4b53-a752-4bee9fdd5fe7"
    }
},
{
    "model": "content.cloudperson",
    "pk": "ed047916-6f11-4b4e-ae91-07e04577bdfe",
    "fields": {
        "person": "6652d611-01e8-4e28-81ee-4cbed70fa574",
        "cloud_id": "9e5d9d69-fd9b-4523-988c-823c85ea7849"
    }
},
{
    "model": "content.cloudperson",
    "pk": "f7d2e491-a8c0-4c1d-bdb5-c9e7830aae0a",
    "fields": {
        "person": "eb136b62-1bd8-4696-b56a-23e0793ec46b",
        "cloud_id": "2394d390-e57f-4846-82ed-167942828618"
    }
},
{
    "model": "content.cloudperson",
    "pk": "ff04aa85-c31f-48f0-ad34-77fc1e9db785",
    "fields": {
        "person": "13ae2209-e535-4759-a471-eb4c17b8a2c9",
        "cloud_id": "0bdc48f4-21a0-4a11-b0ea-929984bc0d7e"
    }
},
{
    "model": "content.persongroup",
    "pk": "4eee6647-44ac-4d73-9da9-e688c314bdfb",
    "fields": {
        "title": "Times Now",
        "persons": [
            "02132790-38b4-4da4-96d5-6ba1221a58e9",
            "0625d487-ef86-420f-b8d3-0d5bc2d26cad",
            "0f56548b-6d68-48de-8324-7b04419951ef",
            "13ae2209-e535-4759-a471-eb4c17b8a2c9",
            "475347a8-93ba-4e3e-8480-650f91953927",
            "6652d611-01e8-4e28-81ee-4cbed70fa574",
            "6c60ba1c-e51d-4ba0-a8dd-abf9320c2931",
            "73db4a01-14aa-418a-b1a3-a4f4180d1c95",
            "82bbb8db-0b25-428e-b52b-3498fd4721de",
            "8895e961-8c77-4018-8028-cdba15286b1e",
            "90f06879-fab5-42bf-baa9-350d91adf1b1",
            "a00d0717-baa0-4923-8616-867cfa771b2d",
            "b02ffd9b-f17a-40ac-8fa3-d5e7f6dcf941",
            "cacc3f4d-6e26-47ce-a452-3f44ecd2bc6a",
            "cbfc7bdd-2ee5-43f6-ad0f-18e6fec1e54f",
            "d683366a-796f-4e84-9971-e413e3fd020f",
            "e04b10ce-80db-4c91-af0f-3db03641429d",
            "eb136b62-1bd8-4696-b56a-23e0793ec46b",
            "ec67ca02-a565-4e6f-8fb5-9035184f1413"
        ]
    }
},
{
    "model": "content.persongroup",
    "pk": "ff1cddfb-3639-4d75-8157-515b0a25e785",
    "fields": {
        "title": "Actors",
        "persons": [
            "4214dd4c-0ed6-4cc9-9819-444bad72b126",
            "4385cc07-5b26-4bd7-9ab7-9294f979e083"
        ]
    }
}
]
